12.525906833976011,12.501688679785788,12.478645080492992,12.50709790661695,12.520788308556288,12.521776024594006,12.522343220372553,12.50945983307662,12.505528155087616,12.528109082032643,12.512214973764326,12.516055558770088,12.490878315666338,12.524971469153389,12.511525390537914,12.528701143411613,12.49042976204878,12.521921409210275,12.490967489945872,12.459206946037447,12.514482299161891,12.51896936738029,12.392095341006364,12.518261263304506,12.50945983307662.1,12.509603474206054,12.518930617677436,12.501901908907179,12.51073041254717,12.506658182613263,12.495573787146055,12.52745242695001,12.528574257418963,12.510363329980759,12.516772604990438,12.481689225046866,12.514586875822385,12.516616109644787,12.51896936738029.1,12.517339817963396,12.506310059239876,12.521845531472943,12.489176898759256,12.452180037859874,12.507320081725593,12.506658182613263.1,12.473435651487486,12.516943246839327,12.478478361513703,12.50356854814305,12.529345612494106,12.529345612494106.1,12.529345612494106.2,12.529345612494106.3,12.529345612494106.4,12.529345612494106.5,12.529345612494106.6,12.529345612494106.7,12.529345612494106.8,12.529345612494106.9,12.529345612494106.10,12.529345612494106.11,12.529345612494106.12,12.529345612494106.13,12.529345612494106.14,12.529345612494106.15,12.529345612494106.16,12.529345612494106.17,12.529345612494106.18,12.529345612494106.19,12.529345612494106.20,12.529345612494106.21,12.529345612494106.22,12.529345612494106.23,12.529345612494106.24,12.529345612494106.25,12.529345612494106.26,12.529345612494106.27,12.529345612494106.28,12.529345612494106.29,12.529345612494106.30,12.529345612494106.31,12.529345612494106.32,12.529345612494106.33,12.529345612494106.34,12.529345612494106.35,12.529345612494106.36,12.529345612494106.37,12.529345612494106.38,12.529345612494106.39,12.529345612494106.40,12.529345612494106.41,12.529345612494106.42,12.529345612494106.43,12.529345612494106.44,12.529345612494106.45,12.529345612494106.46,12.529345612494106.47,12.529345612494106.48,12.529345612494106.49,12.506196896452572,12.528033890562108,12.49869230326475,12.525966352149677,12.527886151364843,12.524665106054874,12.508124462449503,12.511599681305695,12.51622323514554,12.467882310096787,12.522888131202183,12.524879926987454,12.525481192503014,12.516055558770088.1,12.52719321015296,12.527060077550585,12.525282599829069,12.525011569951365,12.525095725483876,12.50389482583199,12.527886151364843.1,12.526321055224509,12.50901894847521,12.514492371944682,12.527403359622571,12.50354350596345,12.525966352149677.1,12.52065203555972,12.527882799319896,12.519770542113728,12.514492371944682.1,12.51944230470606,12.52206561675559,12.524750590026454,12.510501482186815,12.5175752816071,12.513826580219808,12.52908449323135,12.526822706038201,12.526822706038201.1,12.522366042374163,12.517152737744286,12.516772897515086,12.50389482583199.1,12.519734468179694,12.529316220526182,12.5292619084484,12.529191970298099,12.529316220526182.1,12.529316220526182.2,12.529316220526182.3,12.529316220526182.4,12.529316220526182.5,12.529316220526182.6,11.552584934299118,11.681359157195436,11.750895655959956,11.671103815780185,12.166302881704722,11.725837042507097,12.308283301374324,11.619853803741659,12.34225541053456,11.829768806548204,11.795061614944176,11.151925666209342,11.733924620318177,12.006951101754563,12.145198368840372,12.299388935499323,11.490698576422256,12.162080067727162,11.770973732525748,11.515356844512908,12.226960610560983,11.796985584196891,11.790123490935063,11.679713618474114,11.920012284351019,12.278317853720656,11.709261710139513,12.004348550372962,12.015460297949314,12.001198612071395,11.886444775312155,11.679155401632308,12.156454329199951,11.822463130408401,12.248382716141085,11.263451931384033,11.427718371233963,12.132636110333676,11.664967798978315,11.862239725388276,12.368369855006122,11.834422733063432,11.909593095941894,11.717634429183075,11.842605410634178,11.989065673936654,11.942372551105162,12.23489034575018,12.136819399283548,11.62543473509621,12.427415763982468,12.495556937673477,12.295651792973247,12.50570923121806,12.497815631359922,12.505351443010584,12.484035848305224,12.52274874437276,12.429937592165553,12.517533616650178,12.524336138274844,12.491664258925585,12.509729675359983,12.375636957423849,12.497007615328641,12.52717429364534,12.48978916329269,12.32850533304132,12.522533068483485,12.49595751297107,12.450423530808695,12.50255053082773,12.50463509650087,12.516988911959306,12.493997381103958,12.46702019876682,12.50088932693959,12.520115242698587,12.433363509791374,12.522226785403962,12.46705790186775,12.50588266547078,12.50814395928544,12.41623275186155,12.514586875822385.1,12.52620900753258,12.52717429364534.1,12.412186935383025,12.512495869758643,12.51902653849197,12.503714364588333
15.399889141220594,15.54240441798745,15.518915403959925,15.48172183643408,15.435788204439492,15.4155158649263,15.517679323366997,15.402858243305747,15.407692477253192,15.371167498683151,15.532524268095592,15.502215112399584,15.52321427801068,15.383995652394354,15.520520563627487,15.4226513728326,15.53548519923323,15.533912817189808,15.463591708743191,15.460722802896004,15.343220235275162,15.475894677872004,15.453291285655126,15.365783444147654,15.500098108504623,15.544618677706351,15.42686597202954,15.437339093519943,15.350674531036931,15.412933229608564,15.53103652429728,15.518068712861046,15.4969922280467,15.491667723216562,15.39935519287276,15.423516029892353,15.543026004488896,15.453863464214246,15.448362281860872,15.53137309961098,15.401411639682628,15.383739072671542,15.318645939343094,15.470918036322136,15.45436947788387,15.502505494849643,15.56475179212416,15.547650331255538,15.432243913475848,15.341970139868996,,,,,,,,,,,,,,,,,,,,,,,,,,,,,,,,,,,,,,,,,,,,,,,,,,,,,,,,,,,,,,,,,,,,,,,,,,,,,,,,,,,,,,,,,,,,,,,,,,,,,,,,,,,,,,,,,,,,,,,,,,,,,,,,,,,,,,,,,,,,,,,,,,,,,,,,,,,,,,,,,,,,,,,,,,,,,,,,,,,,,,,,,,,,,,,,,,,
18.352337508712296,18.31733138682813,18.22219545574104,18.320767708373676,18.087591215138744,18.240239074910217,18.10357650838399,18.261742648567445,18.284805790468187,17.990778877392067,18.20446432815234,18.274753465730814,18.110039628339816,18.147659506020773,18.183773477438084,17.958376504989506,18.056202204278254,18.238259019002506,18.05014410021573,18.22901339217144,18.32593028886224,18.217625395072208,18.11123459317184,18.19905789454612,18.10456547894547,18.287626854573983,18.264350512241137,18.222852872828668,18.34877426283964,18.02202023628072,18.147744490516573,18.104662463877705,18.34209244316852,18.132643299486872,18.23129774203557,18.15444654542179,17.967226327305877,18.256121528673614,18.127106372139835,18.065150157558204,18.058064079925742,18.079388600120826,18.23647472198928,17.999580967308674,18.134597697529077,18.28687108094068,18.25617085977101,18.041508939422712,18.11203357473519,18.23462718972718,,,,,,,,,,,,,,,,,,,,,,,,,,,,,,,,,,,,,,,,,,,,,,,,,,,,,,,,,,,,,,,,,,,,,,,,,,,,,,,,,,,,,,,,,,,,,,,,,,,,,,,,,,,,,,,,,,,,,,,,,,,,,,,,,,,,,,,,,,,,,,,,,,,,,,,,,,,,,,,,,,,,,,,,,,,,,,,,,,,,,,,,,,,,,,,,,,,
20.66351246002556,20.946446925320767,20.805767997817014,20.61798931517565,20.210029155275723,20.67615944031671,20.54076425366484,20.75589321179269,20.558112258618586,20.746635034086324,20.557666884677246,20.61662555154106,20.706095115940187,20.62735313897208,20.50942698034714,20.683652166661723,20.57523441289845,20.90553794252271,20.69836914539476,20.78255238645223,20.76143662210635,20.71425829777033,20.82019483436516,20.927888128639196,20.819535766701744,20.7849070986957,20.762175405110387,20.79287888156737,20.71520055046209,20.89597994193805,20.74222027942657,20.705480767246428,20.742007142416917,20.637690009054435,20.684598729996388,20.47833551759829,20.82424715183517,20.585387793454885,20.519851070547755,20.74589059954824,20.48605450055646,20.77103405609171,20.45579809409479,20.770758066151345,20.612423411022725,20.572137811084296,20.49816385471266,20.633298413006376,20.6338430445847,20.593279127972863,,,,,,,,,,,,,,,,,,,,,,,,,,,,,,,,,,,,,,,,,,,,,,,,,,,,,,,,,,,,,,,,,,,,,,,,,,,,,,,,,,,,,,,,,,,,,,,,,,,,,,,,,,,,,,,,,,,,,,,,,,,,,,,,,,,,,,,,,,,,,,,,,,,,,,,,,,,,,,,,,,,,,,,,,,,,,,,,,,,,,,,,,,,,,,,,,,,
22.811109406146617,22.99710833532699,23.01414259615571,23.097090162336716,22.827062619705583,23.29241611777782,23.418359179881843,22.94495226165005,23.11463828334705,23.07975709408285,23.028491602268804,23.046352317533746,23.02959790925822,22.83113648698324,23.348795528934343,22.83147724526677,22.966081896140256,22.532346382015817,23.119585247492,22.74662118966124,22.99798018091968,23.27703904238229,23.375729514198728,23.01600627599117,23.117774677644032,23.451372836119937,23.091385230865225,23.163836902786507,22.655068706027343,22.947867909878504,23.08260180221321,22.8526344923221,23.061231981782228,23.02847439341477,23.142309022726177,23.023837155775578,22.958927806561466,22.894014716950856,22.627089074544205,23.132207528058437,23.158046216012654,22.964979132934115,22.8402377326103,22.91372866764439,22.962982322127107,23.02229218663988,22.80934254298036,23.35807950380505,22.704110564734734,23.014128925774983,,,,,,,,,,,,,,,,,,,,,,,,,,,,,,,,,,,,,,,,,,,,,,,,,,,,,,,,,,,,,,,,,,,,,,,,,,,,,,,,,,,,,,,,,,,,,,,,,,,,,,,,,,,,,,,,,,,,,,,,,,,,,,,,,,,,,,,,,,,,,,,,,,,,,,,,,,,,,,,,,,,,,,,,,,,,,,,,,,,,,,,,,,,,,,,,,,,
25.101329255319097,25.00379325471505,25.46100907724048,25.072880227332845,25.142644155181863,25.245706535085287,25.457685457699625,25.36661430020426,25.536960495271465,25.25559133964137,25.28291205918732,25.524960999969643,25.52564479566229,25.33630519798341,25.13187473645813,25.76847612720733,25.11605821863926,24.96595003198996,25.401093381999196,25.44153449370885,25.113965979059792,25.011551483574017,25.441594287092904,25.55074002854076,25.3194317689042,25.14228010726812,25.08971211819769,25.220038129835284,25.532399268089076,25.222748704031694,24.654691995691177,25.50077615844669,25.87411764790511,25.000777419451733,25.45849256089779,25.16419060489321,25.49201575357503,25.07374157120275,25.596074540099597,24.818707666234097,25.062158517892662,25.225901468274845,25.042308847529068,25.234200669455387,25.641863409701173,25.21824281427052,25.4434942587308,25.008440893373304,25.16695888738416,24.82140257806979,,,,,,,,,,,,,,,,,,,,,,,,,,,,,,,,,,,,,,,,,,,,,,,,,,,,,,,,,,,,,,,,,,,,,,,,,,,,,,,,,,,,,,,,,,,,,,,,,,,,,,,,,,,,,,,,,,,,,,,,,,,,,,,,,,,,,,,,,,,,,,,,,,,,,,,,,,,,,,,,,,,,,,,,,,,,,,,,,,,,,,,,,,,,,,,,,,,
27.070444620533834,27.5265586316604,27.424716453093176,27.38682578881852,27.88823302358333,26.95267705645869,26.96904369665516,27.60932616039736,27.164790375800365,27.205790358633053,27.195326383861072,27.32469304009097,27.37948842135698,27.37086678687236,27.916102699164718,27.37104866152732,27.518123913104777,27.26984998041808,27.63308394856157,26.92547398938445,27.586953122238185,27.210578938126638,27.615443958353204,27.441238565438415,27.806448693460595,27.364617045193704,27.745717849061844,27.404004434784305,27.454099366913898,27.16078604541847,27.339653841258283,27.40939944312328,27.299273140937547,27.31324012893768,27.595070644819387,26.938705095619486,26.817734660963545,27.239463937246608,27.318825416129776,26.730973240682875,26.22322584729413,27.43342330078825,27.256097093420696,26.92940671244241,27.20270275140684,26.95947390818345,26.573813290490715,26.637884223730204,26.82870734697953,26.54939857145676,,,,,,,,,,,,,,,,,,,,,,,,,,,,,,,,,,,,,,,,,,,,,,,,,,,,,,,,,,,,,,,,,,,,,,,,,,,,,,,,,,,,,,,,,,,,,,,,,,,,,,,,,,,,,,,,,,,,,,,,,,,,,,,,,,,,,,,,,,,,,,,,,,,,,,,,,,,,,,,,,,,,,,,,,,,,,,,,,,,,,,,,,,,,,,,,,,,
28.72873172067242,29.1939120241868,29.77055323093401,29.33808171353813,28.543797160994327,29.39157325320037,29.231825373558,29.456119322093738,28.9899353526526,29.3021555832618,29.29049205059084,29.00547377435753,29.443182304938468,29.74345083638136,29.08766201418347,28.932158438056,28.93012720951207,28.711709484818027,29.39105499347103,29.322989959307847,28.49901492791281,29.96875666907801,29.526117698561823,29.69427748701704,29.18925249484631,29.762047657372708,28.479796111293314,29.037394991068343,29.052370095282186,29.25659493194796,29.64684427483316,29.52422555995712,29.677414049402348,28.72317334346989,29.01458918592749,29.254261846405207,29.434570268624483,29.27500950612063,29.39666196809669,29.71255719681257,29.16575912708028,29.58286470202995,28.906097290190317,29.117741913264577,29.320640309491036,29.24068043548824,29.215090344459814,29.009823619492312,29.46086434478048,29.449138537048977,,,,,,,,,,,,,,,,,,,,,,,,,,,,,,,,,,,,,,,,,,,,,,,,,,,,,,,,,,,,,,,,,,,,,,,,,,,,,,,,,,,,,,,,,,,,,,,,,,,,,,,,,,,,,,,,,,,,,,,,,,,,,,,,,,,,,,,,,,,,,,,,,,,,,,,,,,,,,,,,,,,,,,,,,,,,,,,,,,,,,,,,,,,,,,,,,,,
30.92646822777848,31.366808822553143,31.2171980469099,30.62222306521791,31.356899484284344,31.345032643788716,31.137601360563444,31.070183004066248,30.625046677256567,30.630423862510057,31.1294208960317,31.024585004306417,31.478509569978005,30.766534440864334,30.95336784809837,31.21608259776864,31.06644383979374,30.45214018297448,30.785909575262792,30.947357422882444,30.8390455132144,31.17682753375033,30.82059351481904,30.845163268785875,31.30978618575105,30.619282379230587,31.76068941277985,31.061039415425547,31.277596672300582,30.551321707764465,30.84103197647246,30.702404723319557,31.15987994925164,31.08983676803688,31.05180955250485,31.375711300538324,30.655422588328737,30.84483539306296,30.57132983415517,30.852206611275463,31.028970816825318,30.90154605841337,30.94400824964744,30.192106451194768,31.825415955979896,31.34607380908228,30.70290789308356,31.075925175022853,30.4165418402706,30.7861242088285,,,,,,,,,,,,,,,,,,,,,,,,,,,,,,,,,,,,,,,,,,,,,,,,,,,,,,,,,,,,,,,,,,,,,,,,,,,,,,,,,,,,,,,,,,,,,,,,,,,,,,,,,,,,,,,,,,,,,,,,,,,,,,,,,,,,,,,,,,,,,,,,,,,,,,,,,,,,,,,,,,,,,,,,,,,,,,,,,,,,,,,,,,,,,,,,,,,
,,,,,,,,,,,,,,,,,,,,,,,,,,,,,,,,,,,,,,,,,,,,,,,,,,15.57015641300149,15.570022795918115,15.57015641300149,15.57015641300149,15.570022795918115,15.57015641300149,15.57015641300149,15.57015641300149,15.57015641300149,15.57015641300149,15.57015641300149,15.57015641300149,15.57015641300149,15.57015641300149,15.57015641300149,15.570022795918115,15.57015641300149,15.570022795918115,15.57015641300149,15.570022795918115,15.57015641300149,15.570022795918115,15.57015641300149,15.57015641300149,15.57015641300149,15.57015641300149,15.57015641300149,15.57015641300149,15.57015641300149,15.570022795918115,15.57015641300149,15.57015641300149,15.570022795918115,15.57015641300149,15.57015641300149,15.57015641300149,15.57015641300149,15.57015641300149,15.57015641300149,15.570022795918115,15.57015641300149,15.57015641300149,15.57015641300149,15.57015641300149,15.57015641300149,15.570022795918115,15.57015641300149,15.57015641300149,15.57015641300149,15.57015641300149,,,,,,,,,,,,,,,,,,,,,,,,,,,,,,,,,,,,,,,,,,,,,,,,,,,,,,,,,,,,,,,,,,,,,,,,,,,,,,,,,,,,,,,,,,,,,,,,,,,,,,,,,,,,,,,,,,,,,,,,,,,,,,,,,,,,,,,,,,,,,,,,,
,,,,,,,,,,,,,,,,,,,,,,,,,,,,,,,,,,,,,,,,,,,,,,,,,,18.376851658452924,18.375957831855068,18.376851658452924,18.37650006529507,18.375957831855068,18.37661739118977,18.37661739118977,18.37678112206336,18.374986830207163,18.37678112206336,18.376499177147537,18.37661739118977,18.37678112206336,18.37661739118977,18.37567138461452,18.376851658452924,18.376851658452924,18.37650006529507,18.376851658452924,18.37557030409572,18.37489197547682,18.37661739118977,18.376851658452924,18.376851658452924,18.374730963591023,18.375443545109523,18.37661739118977,18.376851658452924,18.37678112206336,18.376368767982743,18.37661739118977,18.375444668083528,18.37661739118977,18.37678112206336,18.37678112206336,18.37678112206336,18.376851658452924,18.37661739118977,18.376037560757823,18.37661739118977,18.375685967599967,18.376851658452924,18.37489197547682,18.37658051673869,18.375721291928915,18.37628618396485,18.37678112206336,18.37627874741605,18.37661739118977,18.37661739118977,,,,,,,,,,,,,,,,,,,,,,,,,,,,,,,,,,,,,,,,,,,,,,,,,,,,,,,,,,,,,,,,,,,,,,,,,,,,,,,,,,,,,,,,,,,,,,,,,,,,,,,,,,,,,,,,,,,,,,,,,,,,,,,,,,,,,,,,,,,,,,,,,
,,,,,,,,,,,,,,,,,,,,,,,,,,,,,,,,,,,,,,,,,,,,,,,,,,21.03022072333233,21.00905057213565,21.030968346110654,20.97850484406409,20.956929692214786,20.97995548817053,20.97309113381328,21.01304733530433,20.99141850555883,21.030207712090476,21.02586921457075,20.970083888677184,20.97936873603431,20.95737728012396,20.90507483687346,20.986525267889345,20.98725537583267,21.030528133578247,20.95081858027755,20.947648424452325,21.027716771533363,21.028054384427342,20.956135879170528,20.94317239329754,20.97796403050589,21.02766769908928,21.0109850719504,21.010159374466784,21.0253334186476,20.97765048115333,20.99977373455553,21.031810484284623,20.974505456808807,21.029354381374887,20.94001023074944,21.02913040609717,20.92206503784804,20.946515877363336,20.855114117712898,21.032106211067216,20.94214301534505,21.0297907071854,21.028529789435414,20.952885110537636,21.01937357363716,20.98745716801055,20.96538446059657,20.977762565371236,20.964126379960952,21.018497184392945,,,,,,,,,,,,,,,,,,,,,,,,,,,,,,,,,,,,,,,,,,,,,,,,,,,,,,,,,,,,,,,,,,,,,,,,,,,,,,,,,,,,,,,,,,,,,,,,,,,,,,,,,,,,,,,,,,,,,,,,,,,,,,,,,,,,,,,,,,,,,,,,,
,,,,,,,,,,,,,,,,,,,,,,,,,,,,,,,,,,,,,,,,,,,,,,,,,,23.18419269776106,23.272461626446432,23.494114345851123,23.47702167208065,23.357765575230783,23.371537632495915,23.32702646800132,23.321099498313828,23.28505469445662,23.4108158592511,23.39578478971133,23.39545152243128,23.32050965409692,23.427208365990552,23.412958759507685,23.289511501983096,23.263398651412174,23.299724409864822,23.363387334538903,23.373167852400947,23.408538453511746,23.469987001479545,23.288695247644792,23.404144441676845,23.36095580718109,23.28585271635429,23.296046277390875,23.298279661908246,23.40272084458589,23.414499931669937,23.316848558516558,23.349967146969817,23.43009363500658,23.316935600637404,23.31164421288916,23.39484325812921,23.28589395871005,23.49843581204747,23.199968898191315,23.47868466730497,23.405963306863388,23.316176007815518,23.44618446538648,23.203635864989376,23.48873387710235,23.46873892400341,23.330689329855417,23.272328623790905,23.398149989691863,23.24738086088572,,,,,,,,,,,,,,,,,,,,,,,,,,,,,,,,,,,,,,,,,,,,,,,,,,,,,,,,,,,,,,,,,,,,,,,,,,,,,,,,,,,,,,,,,,,,,,,,,,,,,,,,,,,,,,,,,,,,,,,,,,,,,,,,,,,,,,,,,,,,,,,,,
,,,,,,,,,,,,,,,,,,,,,,,,,,,,,,,,,,,,,,,,,,,,,,,,,,25.755956542544123,25.764011514373152,25.62943101869744,25.72238025970002,25.765747699090927,25.72866366034972,25.740725259173946,25.73689246187931,25.70272555384029,25.745842532949304,25.71792739547822,25.75896512042603,25.76982656411957,25.762346848110784,25.720718583997613,25.76330991099985,25.645423829805697,25.703031935320684,25.71146801439867,25.66305124607428,25.679787871232996,25.776440908488112,25.74821172161592,25.757355973298623,25.724864279074698,25.6173640559684,25.70862089500401,25.72536577277801,25.762493607718906,25.711454478170317,25.748510578896937,25.74394012897372,25.751525563183005,25.72273707482061,25.765239632937917,25.736341753071425,25.684119474306524,25.631248153370368,25.656987579067312,25.758972600988645,25.659093320461324,25.7130675538373,25.69352841531308,25.741829757052784,25.65636028853984,25.737801530084152,25.676636541385346,25.57099193073615,25.742765868378054,25.72713347852447,,,,,,,,,,,,,,,,,,,,,,,,,,,,,,,,,,,,,,,,,,,,,,,,,,,,,,,,,,,,,,,,,,,,,,,,,,,,,,,,,,,,,,,,,,,,,,,,,,,,,,,,,,,,,,,,,,,,,,,,,,,,,,,,,,,,,,,,,,,,,,,,,
,,,,,,,,,,,,,,,,,,,,,,,,,,,,,,,,,,,,,,,,,,,,,,,,,,27.95380301221672,27.9975921839234,27.876371282691156,27.95668513343381,27.74555949839228,27.559079020276787,27.91983177149169,27.924166472228634,27.763189362684702,27.989303566650754,27.4447846605973,28.0163071469582,28.01065810379785,27.829215922128352,27.98676892066465,27.882950706474656,27.95275084150522,28.02418428290146,27.629596145110547,28.05266523718487,27.814065628828693,27.970357011274427,27.7305757996574,28.03739854815799,27.67159782683232,27.83764085870326,27.827803752179268,27.88733481374341,27.94355223126441,27.801077726128742,27.78930050281836,27.60973256535396,27.91227073785993,27.617829319143613,27.990064754437338,27.877290839446605,27.9982466015559,27.91439577442701,27.96947874872106,27.9893147857506,27.76853823199173,27.98590020033113,27.80282663623236,27.743539167173346,27.76409109670096,27.904536778528872,27.816890329391708,28.048138699519487,27.85686279145572,27.9644448221244,,,,,,,,,,,,,,,,,,,,,,,,,,,,,,,,,,,,,,,,,,,,,,,,,,,,,,,,,,,,,,,,,,,,,,,,,,,,,,,,,,,,,,,,,,,,,,,,,,,,,,,,,,,,,,,,,,,,,,,,,,,,,,,,,,,,,,,,,,,,,,,,,
,,,,,,,,,,,,,,,,,,,,,,,,,,,,,,,,,,,,,,,,,,,,,,,,,,29.80680016821352,29.34822825054716,29.91559451035449,29.10813542348466,29.81274019081445,30.067690761878552,29.924036600273933,29.914696549249356,29.513423684898164,29.67256830412893,30.011818097527968,29.558463644829143,30.01268124955369,29.899814734163424,29.846934803194287,29.707325168788365,29.94277798698736,29.715582413909637,30.144035942178068,29.498001387559487,29.644946489744918,29.899137641271206,29.269723388247268,29.21720805389413,29.49369039475652,30.099993440458466,29.702631708709312,29.718986043872427,29.72042152664554,29.682303286659156,28.884243463083344,29.772588041819827,29.38047947247043,29.866185790123406,29.633147914093826,29.794780051473936,29.6699192951018,29.773417109769447,29.830205085488156,29.8594666932173,29.855120477434937,29.847696744944127,29.612571140775007,29.39707856891068,29.41156453649661,29.894025773340505,29.767378842802525,29.473205321849168,29.769458911851324,29.70124661546031,,,,,,,,,,,,,,,,,,,,,,,,,,,,,,,,,,,,,,,,,,,,,,,,,,,,,,,,,,,,,,,,,,,,,,,,,,,,,,,,,,,,,,,,,,,,,,,,,,,,,,,,,,,,,,,,,,,,,,,,,,,,,,,,,,,,,,,,,,,,,,,,,
,,,,,,,,,,,,,,,,,,,,,,,,,,,,,,,,,,,,,,,,,,,,,,,,,,31.5233795109035,31.07966542198627,31.81072409919813,31.167576457063472,31.79070203735473,31.92370817584025,31.55182307348466,31.77693888278779,32.12564632819029,30.686213547752,30.82975676665408,31.42605550876337,31.439751899045877,31.04992858491541,31.6034049019782,31.09669846280956,31.334149451031628,31.10010584860666,31.457959282876512,31.048786941962085,31.418062290014717,30.725231094874687,30.832346085237184,31.33338374731745,31.63196963680336,31.16121950847807,30.715610454460805,31.81822073175635,31.74680728402404,31.109025413755795,31.227510613553903,30.95234676588215,31.608472240523284,31.650644240792133,31.39091790390981,31.357096168449832,31.24814280282017,31.69802456457381,31.363237217757693,31.85493102310157,30.78219774652633,31.848633917619804,31.03899946763677,31.73914000953165,31.337766353075303,31.748991837889204,31.18948311837963,31.212076813606505,31.107828022237225,31.60115312389079,,,,,,,,,,,,,,,,,,,,,,,,,,,,,,,,,,,,,,,,,,,,,,,,,,,,,,,,,,,,,,,,,,,,,,,,,,,,,,,,,,,,,,,,,,,,,,,,,,,,,,,,,,,,,,,,,,,,,,,,,,,,,,,,,,,,,,,,,,,,,,,,,
,,,,,,,,,,,15.5505126127797,,,,,,,,,,,,,,,15.458896170067904,,,,15.534981688740062,,,,15.421491227051416,,,,,,,,,,,,,,,15.437726030743256,,,,,,,,,,,,,,,,,,,,,,,,,,,,,,,,,,,,,,,,,,,,,,,,,,,15.510805801303356,15.569922008039065,15.52557956144354,15.563460328055331,15.4312458192439,15.498657437338132,15.476602308054378,15.485557711216943,15.56343199201878,15.436655836579256,15.472876091178016,15.495875585724,15.511860567532674,15.463783645015686,15.535444306416542,15.504559945935044,15.46614946061135,15.532863089706655,15.55071883672066,15.463761627041828,15.45004703084769,15.450775393474862,15.48330448083014,15.567365023290412,15.463687614721698,15.520227938208311,15.50845917157865,15.52483316179448,15.555177317418217,15.50362311874293,15.476707677928188,15.49273286110404,15.567697544016314,15.548509051303908,15.44370033749284,15.53548354848467,15.499683529956046,15.41620583743952,15.500039677073074,15.430066128820968,15.517464488124618,15.50031899938462,15.491716253649118,15.536110555648303,15.517418115091449,,,,,,,,,,,,,,,,,,,,,,,,,,,,,,,,,,,,,,,,,,,,,,,,,,,,,,,,,,,,,,,,,,,,,,,,,,,,,,,,,,,,,,,,,,,,,,,,,,,,
,,,,,,,,,,,18.146680905444228,,,,,,,,,,,,,,,18.267059798035785,,,,18.169994507518,,,,18.311012269206707,,,,,,,,,,,,,,,18.14580005762208,,,,,,,,,,,,,,,,,,,,,,,,,,,,,,,,,,,,,,,,,,,,,,,,,,,18.29859439784452,18.30445728297954,18.31875677552937,18.37131460919492,18.32874570207749,17.95258784911878,18.073304360432655,18.179128772593412,18.194186005274496,18.20755199990225,18.25306698582683,18.26173452731107,18.150823653794305,18.15368676313985,18.15023595766656,18.15719024223552,18.12713102378288,18.1531990350365,18.222242357551604,18.269016840583703,18.24586894874181,18.273510818348612,18.269837077923945,18.236302603317892,18.185955089963525,18.18608415172652,18.17773185076525,18.166778211902617,18.24659581331122,18.184456305359543,18.20964248005399,18.215208189030324,18.18462446950816,18.319784866690306,18.215743478772897,18.1224942236561,18.24535599911256,18.27336233314379,18.16708454169562,18.28141802155524,18.204246448559427,18.2938553797344,18.262491226936508,18.06681880828761,18.178602139230943,,,,,,,,,,,,,,,,,,,,,,,,,,,,,,,,,,,,,,,,,,,,,,,,,,,,,,,,,,,,,,,,,,,,,,,,,,,,,,,,,,,,,,,,,,,,,,,,,,,,
,,,,,,,,,,,20.736911038530742,,,,,,,,,,,,,,,20.857701234071648,,,,20.789348677096367,,,,20.70660748737717,,,,,,,,,,,,,,,20.83533883923861,,,,,,,,,,,,,,,,,,,,,,,,,,,,,,,,,,,,,,,,,,,,,,,,,,,20.777637336560847,20.8219623931101,20.735961405469123,20.588225101860694,20.659507978745506,20.694835023287027,20.496130169136688,20.89612574400865,20.75721698877269,20.90486552234534,20.928223746263576,20.530849486106145,20.64763147991658,20.859257501241476,20.98883801395747,20.882892290660653,20.74712815887672,20.60165118071458,20.83803016926017,20.722350087550872,20.681610250292643,20.888363182709494,20.870621599263544,20.75332858626998,20.754334228485806,20.9715851751154,20.836599189111872,20.88945702552644,20.67247694659345,20.639105916714875,20.67798167651,20.60835119741529,20.678898702078158,20.762434147863164,20.696939579982143,20.720938779691725,20.8924199903976,20.870054017111837,20.869421705542223,20.759361276365897,20.72514920809995,20.931399644549373,20.77243737807997,20.881036692864612,20.62250848945772,,,,,,,,,,,,,,,,,,,,,,,,,,,,,,,,,,,,,,,,,,,,,,,,,,,,,,,,,,,,,,,,,,,,,,,,,,,,,,,,,,,,,,,,,,,,,,,,,,,,
,,,,,,,,,,,23.243719628774087,,,,,,,,,,,,,,,22.99427524268483,,,,23.133364849650054,,,,23.19167615903604,,,,,,,,,,,,,,,23.358789136441867,,,,,,,,,,,,,,,,,,,,,,,,,,,,,,,,,,,,,,,,,,,,,,,,,,,23.02220312657494,23.21176228688468,23.27406002516234,23.058644704096587,23.3689723565223,23.407982651641237,22.75459189183499,23.264581680986435,23.104682978784176,23.20129088525956,22.9359695061371,23.042126826456123,22.721188314270037,23.346440317573403,23.33915740253774,23.2033356079811,23.17030167675159,22.634074587817956,23.100163341352896,23.315936017692707,23.147771348037978,23.3462189468044,23.15549361432198,23.224317481315783,23.1670289223374,23.355917145786627,23.10789542587482,22.999642927802117,23.01550556025104,23.207568386971744,23.23383650084443,23.111186102559135,23.2578183012968,23.20853696948909,22.924986646355176,23.124318030705496,23.214243620528787,23.163014008326588,23.10822897196105,23.26484343177192,23.259679016402437,23.315301270658235,23.081109562527654,23.02809246364961,22.963307034684977,,,,,,,,,,,,,,,,,,,,,,,,,,,,,,,,,,,,,,,,,,,,,,,,,,,,,,,,,,,,,,,,,,,,,,,,,,,,,,,,,,,,,,,,,,,,,,,,,,,,
,,,,,,,,,,,25.49035341566677,,,,,,,,,,,,,,,25.404056718012384,,,,25.41263758418049,,,,25.56227379538984,,,,,,,,,,,,,,,25.49497427654448,,,,,,,,,,,,,,,,,,,,,,,,,,,,,,,,,,,,,,,,,,,,,,,,,,,25.08099221167341,25.74382370901309,25.09151414859405,25.2752927190129,25.604819833182187,25.330947145191093,25.25365941326068,25.398007549634382,25.8002852225882,25.277532965388204,25.64145224901637,25.151217007457408,25.386336254645883,25.302810014351696,25.40947664039505,25.39263903239817,25.38876419988674,25.4197658324052,25.406061261896635,25.324544659561283,25.64712252534632,25.38020526197408,25.605148586730984,25.208833271807134,25.39846119554068,25.36629793012044,25.58921121979321,25.27347434828148,25.438920322116623,25.283222294271734,25.51123846501188,25.60007457008348,25.346728529365176,25.329117880563228,25.516398461111518,25.552352625941325,25.587693319295976,25.514214099096648,25.408640785260737,25.172077472026288,25.58671601414124,25.396369591443914,25.47921664829976,25.152073850591723,25.204523917702264,,,,,,,,,,,,,,,,,,,,,,,,,,,,,,,,,,,,,,,,,,,,,,,,,,,,,,,,,,,,,,,,,,,,,,,,,,,,,,,,,,,,,,,,,,,,,,,,,,,,
,,,,,,,,,,,27.35574731644534,,,,,,,,,,,,,,,27.70746462957081,,,,27.43774726196712,,,,27.603870435634104,,,,,,,,,,,,,,,27.257555706337573,,,,,,,,,,,,,,,,,,,,,,,,,,,,,,,,,,,,,,,,,,,,,,,,,,,27.829370686035947,27.31560509188021,27.22576447990096,27.592663979423616,27.522350637631664,27.72472536430052,27.02609961118699,27.662914837512904,27.607855171851163,27.896217377106236,27.782708633524983,27.8278252335286,27.400426560998906,27.65595565077729,27.426705267537315,27.59560059171245,27.633647405031,27.615687920027625,27.4695159283214,27.24065652681794,27.622441212654323,27.567595294714778,27.609297281714603,27.539732891987093,27.48201706962778,27.39845347143023,27.11915915565579,27.371188906189317,27.6435278103234,27.144254642447045,27.402278180035054,27.24321571124677,27.353225420772915,27.434964658620025,27.50603532212133,27.407737595182475,27.71084297623856,27.633234596764563,27.95644747599013,27.481128700786083,27.459711157358672,27.37829761474009,27.655652559797826,27.81672498289007,27.88057729692726,,,,,,,,,,,,,,,,,,,,,,,,,,,,,,,,,,,,,,,,,,,,,,,,,,,,,,,,,,,,,,,,,,,,,,,,,,,,,,,,,,,,,,,,,,,,,,,,,,,,
,,,,,,,,,,,29.221945964083385,,,,,,,,,,,,,,,29.438061420060027,,,,29.663377803973173,,,,29.5198795696713,,,,,,,,,,,,,,,29.488963799250985,,,,,,,,,,,,,,,,,,,,,,,,,,,,,,,,,,,,,,,,,,,,,,,,,,,29.41623751782041,30.02930289855359,29.57351783358731,29.385292620924155,29.474384217781648,29.273352407693327,29.467477895286013,29.13889296070328,29.109419143911897,29.534452252437536,29.48710054079336,29.345445264411403,29.66338381384279,29.633921217486357,29.98850546585252,29.51913817133384,29.660978378892157,29.227910454063352,29.36284957212343,29.302371547661597,29.614983443639904,29.37408741690605,28.82233947247969,29.60760785714408,29.69454004932132,29.80680756853628,29.467749569312392,29.55972847317793,29.85742835695656,29.3063617430721,29.51074100801377,29.271818351082263,29.66090354062809,29.38511248973579,29.283321306751585,29.961167215426347,29.55619582560894,29.344236081123487,29.20704221432644,29.562375130472347,29.158153685832502,29.13333501321615,29.290775952614798,29.33283580555927,29.813840912036664,,,,,,,,,,,,,,,,,,,,,,,,,,,,,,,,,,,,,,,,,,,,,,,,,,,,,,,,,,,,,,,,,,,,,,,,,,,,,,,,,,,,,,,,,,,,,,,,,,,,
,,,,,,,,,,,31.490182530508207,,,,,,,,,,,,,,,31.83146976350404,,,,30.950502933411634,,,,31.896248156222047,,,,,,,,,,,,,,,31.596892058298376,,,,,,,,,,,,,,,,,,,,,,,,,,,,,,,,,,,,,,,,,,,,,,,,,,,31.46576243403984,31.373092145597404,31.08251309448158,31.68222748890953,31.695404937206284,31.40171980924808,30.97740863437935,31.31929455830445,31.162402129159616,30.94573698949999,31.18245073668479,31.185526141707143,31.313702175644945,31.52365901625405,31.611815206683342,31.713489484212342,31.878728038028605,31.47193340263008,31.241932708022546,31.465215027145906,31.29605045658524,31.16788967254085,31.40451615479168,32.047627264134654,30.941509568661683,31.828407802579683,30.81250791763881,31.203653349989832,31.45368509885128,31.37750411827638,30.9133839703039,31.477719652884968,31.32849886060368,31.0911969660794,31.41642054921059,31.29764938839562,31.46205969862182,30.999754777858477,31.2222480176028,31.352763369735907,31.80199991166735,31.192572561730938,31.352559283636317,31.52205637827495,31.359988674299235,,,,,,,,,,,,,,,,,,,,,,,,,,,,,,,,,,,,,,,,,,,,,,,,,,,,,,,,,,,,,,,,,,,,,,,,,,,,,,,,,,,,,,,,,,,,,,,,,,,,
,,,,,,,,,,,,,,,,,,,,,,,,,,,,,,,,,,,,,,,,,,,,,,,,,,15.57015641300149,15.56977584755287,15.569702298409467,15.570022795918115,15.570022795918115,15.569520587384844,15.5695539077449,15.563138367969833,15.56926603567956,15.569922008039065,15.565410407225048,15.569922008039065,15.570022795918115,15.57015641300149,15.57015641300149,15.57015641300149,15.569922008039065,15.5699206518861,15.569520587384844,15.5692736390196,15.5695539077449,15.5699206518861,15.569459042744578,15.5699206518861,15.568616968864164,15.570022795918115,15.569459042744578,15.5695539077449,15.5695539077449,15.569459042744578,15.569459042744578,15.57015641300149,15.57015641300149,15.57015641300149,15.570022795918115,15.515872199319874,15.570022795918115,15.570022795918115,15.57015641300149,15.569250049381038,15.57015641300149,,,,,,,,,,,,,,,,,,,,,,,,,,,,,,,,,,,,,,,,,,,,,,,,,,,,,,,15.570022795918115,15.569520587384844,15.569922008039065,15.561417264478608,15.567697544016314,15.570022795918115,15.568471274302915,15.57015641300149,15.57015641300149,,,,,,,,,,,,,,,,,,,,,,,,,,,,,,,,,,,,,,,,,,,,,,,,,,,,,,,,,,,,,,,,,,,,,,,,,,,,,,,,,,,,,,,,,,,
,,,,,,,,,,,,,,,,,,,,,,,,,,,,,,,,,,,,,,,,,,,,,,,,,,18.30043205167619,18.37650006529507,18.37477079229375,18.37628618396485,18.37504897190182,18.37471481868,18.375444668083528,18.375921897253576,18.3508864639264,18.35831648974868,18.37347894639769,18.37658051673869,18.373429348419343,18.375011666903035,18.333951679306768,18.37627874741605,18.374331185222783,18.37661739118977,18.375796261241383,18.310572313022043,18.374052185204224,18.374880966921413,18.376499177147537,18.37489197547682,18.376851658452924,18.373357577971007,18.37661739118977,18.37650006529507,18.374363946740704,18.36945574136436,18.372864985716653,18.355941999172792,18.37534287412796,18.375721291928915,18.37678112206336,18.30829804349371,18.374750796172087,18.374282202405183,18.376479559316987,18.37403129062568,18.37534287412796,,,,,,,,,,,,,,,,,,,,,,,,,,,,,,,,,,,,,,,,,,,,,,,,,,,,,,,18.35581053584663,18.375108356955582,18.376499177147537,18.295500147524372,18.37620793892336,18.375957831855068,18.375444668083528,18.374718367617817,18.376368767982743,,,,,,,,,,,,,,,,,,,,,,,,,,,,,,,,,,,,,,,,,,,,,,,,,,,,,,,,,,,,,,,,,,,,,,,,,,,,,,,,,,,,,,,,,,,
,,,,,,,,,,,,,,,,,,,,,,,,,,,,,,,,,,,,,,,,,,,,,,,,,,21.03127207534467,20.933597372623083,21.015277267364773,20.92793570353549,21.01435441775349,21.02919265336231,21.02013792822557,21.01986027532237,20.993544222008087,21.02193683794784,20.966493032917416,21.032102319377344,21.00590508864127,21.01830238380133,20.91122848768981,20.942795453539148,20.81208853669944,21.027502249965583,20.9272921603048,21.02902367371232,21.01188498021206,21.015897078354246,20.918917105088777,21.022727152498856,21.016890135312096,21.027926590529542,21.02076256711608,21.028054384427342,21.03132165173194,21.0188201402334,21.005567603611752,21.021007394897204,21.029072823705857,21.02615757459728,21.028325271597467,21.03140574456153,21.026743590520077,21.02417625397307,21.0293706439046,20.91520353722565,21.0218702913533,,,,,,,,,,,,,,,,,,,,,,,,,,,,,,,,,,,,,,,,,,,,,,,,,,,,,,,21.001779018637528,20.92989967618825,20.98532353890317,21.024209002771144,20.897187902371662,20.998578554401927,21.01532893341229,21.022244000100045,21.03106880296147,,,,,,,,,,,,,,,,,,,,,,,,,,,,,,,,,,,,,,,,,,,,,,,,,,,,,,,,,,,,,,,,,,,,,,,,,,,,,,,,,,,,,,,,,,,
,,,,,,,,,,,,,,,,,,,,,,,,,,,,,,,,,,,,,,,,,,,,,,,,,,23.46864025100749,23.31124387001469,23.508954333674847,23.49948607578547,23.513318760880857,23.31658974732353,23.50985506807592,23.503677818318604,23.505264057713276,23.128544533191366,23.51319415193952,23.46203563236955,23.438876396156346,23.504081927180835,23.512160582378183,23.197323232652032,23.49930275064169,23.5051066946104,23.41640215973624,23.50681896495612,23.50387009705257,23.48455216474156,23.515752007795253,23.5031927614193,23.51196300595363,23.48524896899837,23.503514382429195,23.49067565810108,23.509640710380197,23.46696773008157,23.254271247660125,23.50243623298057,23.49837964197784,23.484179455296275,23.252644731347537,23.429538752972704,23.49464364776842,23.5060162230149,23.507353335384465,23.494862353821915,23.488946410139175,,,,,,,,,,,,,,,,,,,,,,,,,,,,,,,,,,,,,,,,,,,,,,,,,,,,,,,23.48195736481513,23.512279852106804,23.508682309863463,23.096478829996997,23.512039219423365,23.42821540525164,23.46685874692327,23.514999888763352,23.47559074909728,,,,,,,,,,,,,,,,,,,,,,,,,,,,,,,,,,,,,,,,,,,,,,,,,,,,,,,,,,,,,,,,,,,,,,,,,,,,,,,,,,,,,,,,,,,
,,,,,,,,,,,,,,,,,,,,,,,,,,,,,,,,,,,,,,,,,,,,,,,,,,25.42409264994996,25.88200434554542,25.80953785273262,25.903685433801403,25.73109143323573,25.894850753625413,25.78552977410062,25.90870244606968,25.86912434844994,25.87244204438782,25.747230558985983,25.77293762057072,25.88533245006808,25.900375860593154,25.832070613056043,25.91661478240568,25.86196004226156,25.893318156032745,25.880633134620293,25.813618708472685,25.857853560276904,25.913243026957694,25.71185762437805,25.911735444376784,25.902606989644653,25.653470081880037,25.88344525440405,25.914681681289725,25.70442652275967,25.911513658479283,25.721152952277915,25.8299531404516,25.880083746406903,25.720553551438407,25.59081897137009,25.84275200014771,25.871182444869905,25.892168898311045,25.866568227512957,25.74751579520992,25.683067346211512,,,,,,,,,,,,,,,,,,,,,,,,,,,,,,,,,,,,,,,,,,,,,,,,,,,,,,,25.87991585709849,25.7437991809357,25.695037969960985,25.726841294990685,25.650796568029044,25.8454548329804,25.909938870288084,25.90010579491772,25.872202123380838,,,,,,,,,,,,,,,,,,,,,,,,,,,,,,,,,,,,,,,,,,,,,,,,,,,,,,,,,,,,,,,,,,,,,,,,,,,,,,,,,,,,,,,,,,,
,,,,,,,,,,,,,,,,,,,,,,,,,,,,,,,,,,,,,,,,,,,,,,,,,,28.09568244635943,28.05917382537534,27.924450511012417,27.939981637415386,28.09232361878219,28.08887811295496,28.19068266172897,27.976741906516143,28.1017658944275,28.125812290273952,27.98319645797508,28.0864526566578,28.090993217661083,27.998278493163586,27.90487377260716,28.151802220634146,28.099627979231062,28.063848140885536,27.91830539609121,28.083429210057357,27.904116739815503,28.10053981950437,28.057211171357253,28.050190221829908,27.8904494374034,27.979166267018677,27.976515045046405,28.07099813912672,28.101588227327813,28.04117273570057,28.076974795105787,28.0501890611323,27.933519116336356,28.047897593966784,27.96055198260601,28.010509058847507,28.061855170228657,28.151078551996665,27.870293829623098,28.1331865396196,27.842453775105582,,,,,,,,,,,,,,,,,,,,,,,,,,,,,,,,,,,,,,,,,,,,,,,,,,,,,,,27.79614268321878,27.95086310058733,27.812348027404767,28.092472942165028,28.075321903411883,28.067855067522107,28.12109110035528,28.04491255999912,27.95691895207242,,,,,,,,,,,,,,,,,,,,,,,,,,,,,,,,,,,,,,,,,,,,,,,,,,,,,,,,,,,,,,,,,,,,,,,,,,,,,,,,,,,,,,,,,,,
,,,,,,,,,,,,,,,,,,,,,,,,,,,,,,,,,,,,,,,,,,,,,,,,,,30.11679984174286,30.22583573836584,30.30352404996394,30.174702081125723,30.146412384694813,30.34925754305487,29.898361295050123,30.007087132934718,30.128463241544715,30.225897706842733,30.19446359735296,30.24098684192797,30.20749398874889,30.0800204095992,30.19279484684281,30.2674781548288,30.245167848223872,30.060881241336503,30.208095868117063,29.936291454236454,30.08073341577956,29.92455267024834,30.171868779971955,30.2966797789786,30.1014807112404,30.300904392612555,29.98233890226144,29.882062607590957,30.25029860167998,30.18738684393404,30.10946887161196,30.27081921026222,30.212657727631843,30.12771830929658,30.08226664616431,30.14820210397924,29.870110551709637,30.172790019179413,29.813461928898477,30.155893105357627,30.22169985353392,,,,,,,,,,,,,,,,,,,,,,,,,,,,,,,,,,,,,,,,,,,,,,,,,,,,,,,30.24273954282786,30.095452966365706,30.28987665823817,30.282508712523686,30.15431873177367,30.187616685157156,30.24280280115895,29.812926971141135,30.26295078470895,,,,,,,,,,,,,,,,,,,,,,,,,,,,,,,,,,,,,,,,,,,,,,,,,,,,,,,,,,,,,,,,,,,,,,,,,,,,,,,,,,,,,,,,,,,
,,,,,,,,,,,,,,,,,,,,,,,,,,,,,,,,,,,,,,,,,,,,,,,,,,32.25019705438513,32.22880378064157,32.33030670801377,32.28145475109447,32.05839689666345,32.31100645429104,32.21805997638681,32.1610750439465,32.19349073259676,32.10790256503602,32.09380819168572,32.19638742780287,32.23128898862193,31.960582196764403,32.23753318598565,31.76326982573572,32.38747138251735,32.07505684183688,31.882113586366504,32.07061365237516,31.859800550864737,32.2559928821889,31.983666599624293,32.231014693913544,32.296921878719104,31.76929228246037,31.943152606506374,32.09329441503562,32.20003869957926,32.405759345047265,32.20007194297855,32.21994874785784,31.974976360277623,32.27610709382388,32.00270628586961,31.65258816964877,31.88245834448327,31.658031045693964,32.22227620962475,32.368942191995444,32.166803098721964,,,,,,,,,,,,,,,,,,,,,,,,,,,,,,,,,,,,,,,,,,,,,,,,,,,,,,,32.121081280235536,32.24598238138432,32.29976692104047,32.271551680379666,32.340728890273944,31.949248200930143,32.21329883863321,32.35315940747832,32.30362869684711,,,,,,,,,,,,,,,,,,,,,,,,,,,,,,,,,,,,,,,,,,,,,,,,,,,,,,,,,,,,,,,,,,,,,,,,,,,,,,,,,,,,,,,,,,,
,,,,,,,,,,,,,,,,,,,,,,,,,,,,,,,,,,,,,,,,,,,,,,,,,,,,,,,,,,,,,,,,,,,,,,,,,,,,,,,,,,,,,,,,,,,,,,,,,,,,,,,,,,,,,,,,,,,,,,,,,,,,,,,,,,,,,,,,,,,,,,,,,,,,,,,,,,14.013938701998452,14.934965500631856,13.427230719145376,15.02697245060732,14.359223513085505,14.189473226274162,15.136992272018968,13.860172226832136,14.021778459153936,13.786276785873262,14.336287043515304,13.427810267545356,14.377350364891408,13.63604892766209,14.693311052472882,14.207412684684778,14.024019926709558,13.510850712880147,12.907252778718869,13.381736857250418,14.22092808035796,14.299108861014204,14.70522398554737,14.15841875546352,13.504320816508484,13.952270460797692,14.583535809034151,14.135304460527124,14.418949885617078,13.547216300244994,13.038165641200544,14.251288368675738,13.701499380642584,12.919898917922888,14.176772276396758,14.087316322036896,14.777193768724675,14.490886488435711,14.800428336366728,13.878348080542068,14.441868520852593,14.137176651229684,13.567832613708957,13.259187608817957,13.93047904593356,14.222969410574336,14.427357629794365,13.503706527318233,13.48784909945486,14.715427520713614,,,,,,,,,,,,,,,,,,,,,,,,,,,,,,,,,,,,,,,,,
,,,,,,,,,,,,,,,,,,,,,,,,,,,,,,,,,,,,,,,,,,,,,,,,,,,,,,,,,,,,,,,,,,,,,,,,,,,,,,,,,,,,,,,,,,,,,,,,,,,,,,,,,,,,,,,,,,,,,,,,,,,,,,,,,,,,,,,,,,,,,,,,,,,,,,,,,,15.517283388585088,15.77315233423143,15.723019209891076,16.165055956947405,15.132875328606762,16.629547043938878,16.10730054378695,14.800403134543066,15.25397875226539,16.110717510643106,16.5299112270049,14.064918909729071,15.584578007338465,14.816042954874195,16.732897344753983,16.5705790439061,15.332598351664064,16.59411384530925,15.69563954178371,15.854943478159276,14.21467764755104,14.965342560494202,16.510333239318843,15.174329178589106,16.35205978036875,15.3152846011472,16.014353620623265,14.68359774559018,16.450091751908932,16.40862347920482,15.36495193245185,15.07225905125682,14.598334419388772,15.783882633276962,16.351847525630806,15.331821889813638,16.770348873462904,14.68284544815404,16.38319258882014,15.070357844149232,15.385654469135828,14.989657716290226,14.481567616031558,15.801173864870592,14.118716346757925,16.159892218980026,14.978934998888452,14.703692709966242,16.004917209495485,15.987058116245054,,,,,,,,,,,,,,,,,,,,,,,,,,,,,,,,,,,,,,,,,
,,,,,,,,,,,,,,,,,,,,,,,,,,,,,,,,,,,,,,,,,,,,,,,,,,,,,,,,,,,,,,,,,,,,,,,,,,,,,,,,,,,,,,,,,,,,,,,,,,,,,,,,,,,,,,,,,,,,,,,,,,,,,,,,,,,,,,,,,,,,,,,,,,,,,,,,,,17.67736027250544,17.255727676745757,16.49260355150322,15.257758325011531,16.518024617784363,16.844068548149515,17.72547220841431,16.02557648633467,17.434487471452034,17.571685643990214,16.04433344249909,17.882344283844862,16.881562796497672,16.720444711921967,17.08232136161977,16.719938527092783,18.300385966857583,16.16271116596082,17.835901094623352,18.2853235635289,16.438902303327662,17.71605049980524,16.8519104332961,15.499512741810207,15.869360125494488,17.613696441382558,15.942455898726994,18.167451086164835,16.914424673744136,16.508580663665004,16.487405338032477,18.118305498730383,17.644783594904396,16.276791507996556,16.26712591672017,17.054426379350133,18.013238527551415,18.147178358149,17.023119067483066,18.87869580269597,15.257999884690395,18.13562433723554,15.153265486880157,16.3602894305165,17.873460592970844,18.2276624731146,17.84036347547286,18.128839192760907,17.634233138496718,17.101908278662222,,,,,,,,,,,,,,,,,,,,,,,,,,,,,,,,,,,,,,,,,
,,,,,,,,,,,,,,,,,,,,,,,,,,,,,,,,,,,,,,,,,,,,,,,,,,,,,,,,,,,,,,,,,,,,,,,,,,,,,,,,,,,,,,,,,,,,,,,,,,,,,,,,,,,,,,,,,,,,,,,,,,,,,,,,,,,,,,,,,,,,,,,,,,,,,,,,,,16.183525786424564,17.02448204543765,17.600969236390206,18.79394663651065,16.35924003167398,18.185330889951523,17.684667397382675,19.46441552739931,16.607210639268224,18.90167212244168,16.94251240430822,18.077526338293858,17.75903475077934,17.68876265031493,19.398578676903146,18.65953905870745,18.960814988352134,17.916124862969447,19.79948097876613,19.2406202139934,16.888065799855216,18.565761638243803,17.670245054627227,19.406397763598257,19.26585291984296,18.59903894174268,18.061310780653727,19.57790216965382,19.904431479113125,19.347112436564405,17.626867273756652,18.499259219756137,18.56751846689072,18.01485547822336,16.459483407811327,18.878874460076965,17.463117343971913,18.16137755711485,19.911381811012344,16.930609157177038,16.171488061601007,15.812854132950802,20.504832374823327,19.13614843840716,16.738443849216335,17.54000669139811,17.338754149340946,17.417221575702044,19.984608896563472,18.967008163966483,,,,,,,,,,,,,,,,,,,,,,,,,,,,,,,,,,,,,,,,,
,,,,,,,,,,,,,,,,,,,,,,,,,,,,,,,,,,,,,,,,,,,,,,,,,,,,,,,,,,,,,,,,,,,,,,,,,,,,,,,,,,,,,,,,,,,,,,,,,,,,,,,,,,,,,,,,,,,,,,,,,,,,,,,,,,,,,,,,,,,,,,,,,,,,,,,,,,18.08865962161148,19.48132911553089,20.05336108650373,19.6830843178191,18.77094643178214,18.732685605846687,18.32767606011068,17.26068092353142,20.58178823208808,16.89187420221874,18.996279559379943,19.67930731151481,19.884731661103697,17.94943102955195,20.762353550344617,17.94771585016779,18.025463383758453,18.813190579852627,20.492513041952755,18.657956755009824,20.195332386347985,21.002607272427248,19.904808412634853,18.21030731028607,18.574784047730844,18.842167591696487,21.284301896660207,18.68319000441081,19.014728727019445,20.020044344663347,18.112201875286868,17.8884988281199,21.09256398666409,16.549614201360225,16.897583876945387,17.245295371029115,19.522246699018996,18.876314874564613,19.132851440092963,19.91264389993396,18.63372228091527,20.73792048968908,21.19159195211656,19.070826219598743,17.09649556820751,19.01547657823261,18.917193586490853,20.02702929473386,16.952779448446726,17.79578423371696,,,,,,,,,,,,,,,,,,,,,,,,,,,,,,,,,,,,,,,,,
,,,,,,,,,,,,,,,,,,,,,,,,,,,,,,,,,,,,,,,,,,,,,,,,,,,,,,,,,,,,,,,,,,,,,,,,,,,,,,,,,,,,,,,,,,,,,,,,,,,,,,,,,,,,,,,,,,,,,,,,,,,,,,,,,,,,,,,,,,,,,,,,,,,,,,,,,,19.06334215777285,18.1143490388092,21.552309321208725,19.85046302448005,21.366068325295057,20.507170907468595,21.605102627528787,20.44993750259939,18.68577041007488,18.24601651402181,20.27637480158948,20.624159684192666,18.20876942849707,22.02021881448784,21.6203695728714,19.81354048938339,21.3867527507408,22.047469746608765,20.368865668846794,17.294020618881675,17.52378786943788,18.976697943570343,21.48324340211053,20.43067480989624,19.651369519188787,22.361084599369065,22.22914389021745,19.54122993751352,21.02841002026491,19.33610981288554,20.96629976342572,19.518123176719797,19.39420142923577,18.9857029853806,20.449969576947105,20.60403899309061,17.84772931205295,20.475750397363992,19.381844503178662,19.30474231052657,17.077252878231118,22.58183049587576,19.62678136547496,20.49345158689525,20.441142385977603,18.16984839120184,22.2999605988354,20.572256483820237,20.877781997136008,19.21535025145494,,,,,,,,,,,,,,,,,,,,,,,,,,,,,,,,,,,,,,,,,
,,,,,,,,,,,,,,,,,,,,,,,,,,,,,,,,,,,,,,,,,,,,,,,,,,,,,,,,,,,,,,,,,,,,,,,,,,,,,,,,,,,,,,,,,,,,,,,,,,,,,,,,,,,,,,,,,,,,,,,,,,,,,,,,,,,,,,,,,,,,,,,,,,,,,,,,,,22.25180009373993,20.91723272880486,22.320332323610923,21.839478484554142,20.120271412507016,18.41338151801476,19.803553369703128,23.765965156714827,18.15582039518705,20.297260582807915,21.525470598361824,20.02778062855482,19.441944541043704,19.315079670842778,20.944463461111987,20.67687466019873,18.220879742918477,19.6021945531089,20.680338208337734,20.999113197597776,20.68336310396551,21.374711854971647,22.74026101883365,22.02830851111198,20.492448168718877,19.48051945816492,18.423172355517572,20.70588067205269,21.312304143516798,22.357927297387373,20.10101634646897,22.84680123537297,18.32190557253276,19.96676929412641,21.433405925736384,21.09748187786956,23.219408853436484,18.212475774909272,19.76787380241888,20.04775376666888,19.06878782880208,22.87041946518768,19.47549737395164,21.727502210367334,20.137912256669704,20.68813450473857,20.95458965348221,21.871288170351363,22.519393489083832,19.754930621391903,,,,,,,,,,,,,,,,,,,,,,,,,,,,,,,,,,,,,,,,,
,,,,,,,,,,,,,,,,,,,,,,,,,,,,,,,,,,,,,,,,,,,,,,,,,,,,,,,,,,,,,,,,,,,,,,,,,,,,,,,,,,,,,,,,,,,,,,,,,,,,,,,,,,,,,,,,,,,,,,,,,,,,,,,,,,,,,,,,,,,,,,,,,,,,,,,,,,20.363880403779216,19.48094234386972,20.21657003550772,20.45541971366097,20.80527839875243,20.35776806677841,23.37069711846533,20.72662342029167,19.80375801015535,20.821240439617743,20.41106134124196,20.839035066664696,22.279842531240156,22.36488168963399,21.499899445690204,20.32481342241639,21.52594671509818,21.156124835318483,21.721608180968857,18.46420772959041,18.57323386405902,17.608007928731876,20.27814946634276,20.177783977964477,24.63678377703152,20.30885868929219,17.996327252191335,20.58517429735395,17.894993737606338,24.38187539995389,20.68914239753213,18.79432478776389,19.79792879447599,21.42425484953201,21.490720408101183,19.249154125755208,20.51827855293242,18.126448783800463,19.83383950341825,19.627804061543166,20.76316793922527,21.740218175095887,20.15614420350482,19.760777652092354,21.868196707235224,21.289279450608557,21.673227640170172,18.14187937678116,21.52314022836106,19.639470525024368,,,,,,,,,,,,,,,,,,,,,,,,,,,,,,,,,,,,,,,,,
,,,,,,,,,15.44685351192457,,,15.489010018490015,,,,,,,,,,,,,,,,,,,,,,,,15.36784204866026,,,,,15.525691293901897,,,,,,15.453896013548638,,,,,,,,,,,,,,,,,,,,,,,,,,,,,,,,,,,,,,,,,,,,,,,,,,,,,,,,,,15.488267013251136,15.340940004528491,,,,,,,,,,,,,,,,,,,,,,,,,15.532676847841104,,,,,,,,,,,,,,,,15.235774454858976,,,,,,,,,,,,,,,,,,,,,,,,,,,,,,,,,,,,,,,,,,,,,,,,,,,,,,,,,15.315287185694263,15.45444253243658,15.399424154112223,15.508025770401636,15.47412324833453,15.553290712683769,15.491240236779902,15.343626227175294,15.43063738153433,15.326038083020515,15.358205967009583,15.496822836188656,15.392403010750533,15.507972929332484,15.431423429520898,15.345126244897068,15.552566783938516,15.038715099045437,15.502122421849688,15.437556720774568,15.486388128110152,15.360861593691906,15.49288328735379,15.388753789398434,15.392183910280524,15.5526354413027,15.50050873368297,15.4660195120325,15.431741927341488,15.249820277253216,15.53023045598056,15.373618771416886,15.549525153582929,15.52430646205424,15.540883413096614,15.386817909424172,15.543821638657835,15.561831745485865,15.46437122882273,15.41065324913212,15.52371512464244
,,,,,,,,,18.031639942910992,,,17.92744221232821,,,,,,,,,,,,,,,,,,,,,,,,18.21774343463581,,,,,18.05464423873631,,,,,,18.0802585492358,,,,,,,,,,,,,,,,,,,,,,,,,,,,,,,,,,,,,,,,,,,,,,,,,,,,,,,,,,18.037163932556567,17.801876180234437,,,,,,,,,,,,,,,,,,,,,,,,,18.018083922273163,,,,,,,,,,,,,,,,17.698062732390078,,,,,,,,,,,,,,,,,,,,,,,,,,,,,,,,,,,,,,,,,,,,,,,,,,,,,,,,,18.17218754344564,18.102156116418733,18.256828438530786,18.228111545663875,18.223189714583278,18.03164084986835,18.10611686154741,18.131769916149555,18.07535627857496,17.88571897963424,18.00608817948989,17.91485827434089,18.025206268250606,18.136200771230005,17.690272670422182,18.15596611376565,18.321865376753944,18.142510261961963,18.041921238227744,18.24922203318929,18.117462258972616,18.157922470554592,18.18969257292716,17.941423075179554,17.662367192115177,18.191343388307622,18.17896404467708,18.149931973133253,18.035897361825054,17.72288542873419,18.153362187430066,18.19168369035688,18.162774859417663,18.17976894822977,17.892785892017695,18.195837639444893,17.861941659147334,18.04488836367754,18.180484929344548,18.323384141401093,18.00286708739653
,,,,,,,,,20.676267252540494,,,20.12693326785709,,,,,,,,,,,,,,,,,,,,,,,,20.683502133632068,,,,,20.587334463109737,,,,,,20.64983078425927,,,,,,,,,,,,,,,,,,,,,,,,,,,,,,,,,,,,,,,,,,,,,,,,,,,,,,,,,,20.458222265958643,20.44477821765786,,,,,,,,,,,,,,,,,,,,,,,,,20.450897231943397,,,,,,,,,,,,,,,,20.60401243866167,,,,,,,,,,,,,,,,,,,,,,,,,,,,,,,,,,,,,,,,,,,,,,,,,,,,,,,,,20.74548434775073,20.5591683430998,20.431027442959124,20.490351278167488,20.57322867887656,20.82997088865319,20.545475698627445,20.524015740976463,20.89273460832033,20.51107476701088,20.508305535145897,20.1962595482228,20.579459485025083,20.885129321629357,20.70056464607576,20.21550141622636,20.535129591645884,21.02039932151348,20.406655672578687,20.329665691877395,20.432341073503057,20.95057760952289,20.69038328076679,20.363300918674454,20.524761472104977,20.819548031360267,20.544924880904592,20.69780059301703,20.678200554223476,20.680834728895388,20.8487966306076,20.59229266621913,20.783259259843664,20.62337658889691,20.5489507922131,20.63028164002741,20.44365914982853,20.37204680177407,20.62579517461457,20.0344029549271,20.35678381476639
,,,,,,,,,22.75472843742489,,,23.038352733920597,,,,,,,,,,,,,,,,,,,,,,,,22.94601975618875,,,,,22.47117985978228,,,,,,23.11848744105776,,,,,,,,,,,,,,,,,,,,,,,,,,,,,,,,,,,,,,,,,,,,,,,,,,,,,,,,,,23.50130412490181,22.985641717973447,,,,,,,,,,,,,,,,,,,,,,,,,22.83827975083678,,,,,,,,,,,,,,,,23.022997311273496,,,,,,,,,,,,,,,,,,,,,,,,,,,,,,,,,,,,,,,,,,,,,,,,,,,,,,,,,23.104171228013623,23.323169315850127,23.27006726111073,22.718994790624294,22.776245702964523,22.756939649610292,23.101979754741777,22.99806642300405,22.966965413828,22.43959253235602,23.141527135984003,23.05216155686253,22.9956027129207,22.70571398579685,22.820480587437075,22.385833789564057,23.051763703009208,22.895561920112296,22.876575766709987,22.888496068635213,23.00031352740725,23.071438356942,22.786564732987795,23.186049328430396,23.16040336241341,22.85119512689443,22.721392105647283,23.190233329808795,22.96051430646517,22.939564694828267,22.75878534366948,23.09413171659292,23.21936975177658,22.74429252306065,23.072536605100083,22.915320440500512,23.02457491566478,22.973568753052817,23.07305287217687,22.92135552788453,22.83916890513146
,,,,,,,,,25.028915040953738,,,25.18429621034694,,,,,,,,,,,,,,,,,,,,,,,,25.68254518352671,,,,,25.00077539449997,,,,,,24.94338879584322,,,,,,,,,,,,,,,,,,,,,,,,,,,,,,,,,,,,,,,,,,,,,,,,,,,,,,,,,,25.04007073898397,24.820716415927546,,,,,,,,,,,,,,,,,,,,,,,,,24.83548358071254,,,,,,,,,,,,,,,,25.42196125305308,,,,,,,,,,,,,,,,,,,,,,,,,,,,,,,,,,,,,,,,,,,,,,,,,,,,,,,,,24.900278120484742,25.170469382535057,25.16308763698237,25.049140852306767,25.200776239083385,24.397457678157288,25.08307818565653,24.859714845806145,25.05292425375161,24.665139850469945,25.28671537466864,25.073740257162907,25.27713677019965,24.932985659274784,25.04017643113969,24.90222956731482,25.444401490966083,24.92606220003688,25.39723934325229,25.21628059906596,25.364864487352715,25.18551290594869,25.26214011407362,25.113001019800848,24.42377010208005,25.09812784150528,25.49143499689409,25.190064845802308,23.51658603461037,25.54695653160692,24.57376745440597,24.81616992930439,25.033016158085697,25.21927990396679,25.01266020021539,25.492776723757096,24.70182671506813,25.408238493798567,25.55076775137329,25.616920117024844,24.93279674234102
,,,,,,,,,26.99241136095148,,,26.6570196211702,,,,,,,,,,,,,,,,,,,,,,,,26.861571305384423,,,,,26.820784368674417,,,,,,26.81460329247929,,,,,,,,,,,,,,,,,,,,,,,,,,,,,,,,,,,,,,,,,,,,,,,,,,,,,,,,,,27.080969026204183,26.847643150390603,,,,,,,,,,,,,,,,,,,,,,,,,26.813809181007464,,,,,,,,,,,,,,,,27.57316550103335,,,,,,,,,,,,,,,,,,,,,,,,,,,,,,,,,,,,,,,,,,,,,,,,,,,,,,,,,26.935594677517766,26.79030574331691,26.83574867017008,27.437833623315203,26.796898664778865,27.070915658519954,27.71146147874948,27.47141011707677,27.08003686851437,27.36995304283064,27.41659195631409,26.919616951085175,27.505128554990733,26.57735084809921,26.495068332326376,27.30658953565082,26.97255497850042,27.19238674512645,26.931671955077352,26.937759828328403,27.15082644205172,26.76599494120384,26.73636856439751,27.335856694589506,27.061386479133805,26.85843670760645,26.961111375882236,26.636192608986217,27.230013615992988,27.381412464257185,27.485611179389075,26.956351987816685,27.46805498096588,26.803200592442767,27.44000196855623,27.19115632626451,27.409411295487438,27.17704682091197,27.02513500769539,27.64449534198165,27.16028307195384
,,,,,,,,,29.25369335566605,,,29.68674458410401,,,,,,,,,,,,,,,,,,,,,,,,29.579429248994373,,,,,29.23952911231113,,,,,,28.90298391884163,,,,,,,,,,,,,,,,,,,,,,,,,,,,,,,,,,,,,,,,,,,,,,,,,,,,,,,,,,29.5329165782701,29.403206851430355,,,,,,,,,,,,,,,,,,,,,,,,,28.677920259056428,,,,,,,,,,,,,,,,28.746486757497067,,,,,,,,,,,,,,,,,,,,,,,,,,,,,,,,,,,,,,,,,,,,,,,,,,,,,,,,,28.408361949882103,29.55759344035719,28.438964584080697,29.0794565014184,29.145704151644907,28.168751318893204,29.568007586695817,28.76151561179545,29.03747123850664,28.174603131849278,29.235493156094385,29.71490095953277,28.557974082765035,29.18202171498821,29.524855229648125,29.307277543079405,28.951448096624123,29.28899330836404,29.43396765395192,28.698227815469167,28.43108808740269,28.64111396999329,29.02139263084351,28.532080289476028,29.995855833290847,28.696750871977414,28.385571093579703,28.898629477352348,29.16921100379113,28.967986103007057,28.95756610825755,29.121292529928443,28.980059551379544,29.21783965334704,28.635900562445823,28.856072509896524,29.716028600309485,28.605969353286493,28.130077014928418,28.695539400288816,29.083813143757865
,,,,,,,,,30.4682444211444,,,31.45543020695697,,,,,,,,,,,,,,,,,,,,,,,,31.20843464131636,,,,,30.810434929696477,,,,,,31.41472651943431,,,,,,,,,,,,,,,,,,,,,,,,,,,,,,,,,,,,,,,,,,,,,,,,,,,,,,,,,,30.764696394421147,31.59393219277175,,,,,,,,,,,,,,,,,,,,,,,,,29.9779534456805,,,,,,,,,,,,,,,,31.12505850262428,,,,,,,,,,,,,,,,,,,,,,,,,,,,,,,,,,,,,,,,,,,,,,,,,,,,,,,,,31.076167753824613,30.189724749863203,30.688113860731796,31.134921615251056,30.016775517435896,29.948171958016445,30.03532347204027,30.73353252103122,30.752959871960574,30.70240586474595,30.675084791501373,30.46728043891545,29.761190386284483,30.79680828282383,30.099217943737347,30.956153459619355,30.816195309354345,31.81155880186776,30.728670536460424,30.724853667207384,30.01395013083388,31.102386650226865,30.70500917117347,30.89630121828326,31.092066108478384,30.67405360457736,31.02018993677929,30.319683923311512,31.76919740889733,30.839852310968407,29.775734405554747,30.80073030521056,30.84870476960957,30.12504321896953,30.537821432147037,31.161967167962548,31.472393776196977,30.83654925894673,31.453293040728283,30.20230216107957,31.00236763187665
